kind,source,target,reason
move,C:\Users\Admin\Documents\Language\Chinese (Mandarin) Complete Fluency Course - 2014\1\GMS-UPDATE,C:\Users\Admin\Documents\Language\Glossika\Chinese\Complete Fluency\Glossika Chinese Complete Fluency 1\Audio\GMS-UPDATE,move traditional Mandarin update audio
move,"C:\Users\Admin\Documents\Language\Chinese (Mandarin) Complete Fluency Course - 2014\2\Campbell M., Chen Sh., Yan S.Y. - Chinese (Mandarin) Complete Fluency Course 2 - 2014.pdf",C:\Users\Admin\Documents\Language\Glossika\Chinese\Complete Fluency\Glossika Chinese Complete Fluency 2\Glossika Chinese Complete Fluency 2.pdf,rename Chinese Complete Fluency PDF
move,"C:\Users\Admin\Documents\Language\Chinese (Mandarin) Complete Fluency Course - 2014\2\Campbell M., Chen Sh., Yan S.Y. - Chinese (Mandarin) Complete Fluency Course 2 - 2014.djvu",C:\Users\Admin\Documents\Language\Glossika\Chinese\Complete Fluency\Glossika Chinese Complete Fluency 2\Glossika Chinese Complete Fluency 2.djvu,rename Chinese Complete Fluency DJVU
move,C:\Users\Admin\Documents\Language\Chinese (Mandarin) Complete Fluency Course - 2014\2\GMS,C:\Users\Admin\Documents\Language\Glossika\Chinese\Complete Fluency\Glossika Chinese Complete Fluency 2\Audio\GMS,move simplified Mandarin audio
move,C:\Users\Admin\Documents\Language\Chinese (Mandarin) Complete Fluency Course - 2014\2\GMS-UPDATE,C:\Users\Admin\Documents\Language\Glossika\Chinese\Complete Fluency\Glossika Chinese Complete Fluency 2\Audio\GMS-UPDATE,move traditional Mandarin update audio
move,"C:\Users\Admin\Documents\Language\Chinese (Mandarin) Complete Fluency Course - 2014\3\Campbell M., Chen Sh., Yan S.Y. - Chinese (Mandarin) Complete Fluency Course 3 - 2014.pdf",C:\Users\Admin\Documents\Language\Glossika\Chinese\Complete Fluency\Glossika Chinese Complete Fluency 3\Glossika Chinese Complete Fluency 3.pdf,rename Chinese Complete Fluency PDF
move,"C:\Users\Admin\Documents\Language\Chinese (Mandarin) Complete Fluency Course - 2014\3\Campbell M., Chen Sh., Yan S.Y. - Chinese (Mandarin) Complete Fluency Course 3 - 2014.djvu",C:\Users\Admin\Documents\Language\Glossika\Chinese\Complete Fluency\Glossika Chinese Complete Fluency 3\Glossika Chinese Complete Fluency 3.djvu,rename Chinese Complete Fluency DJVU
move,C:\Users\Admin\Documents\Language\Chinese (Mandarin) Complete Fluency Course - 2014\3\GMS,C:\Users\Admin\Documents\Language\Glossika\Chinese\Complete Fluency\Glossika Chinese Complete Fluency 3\Audio\GMS,move simplified Mandarin audio
move,C:\Users\Admin\Documents\Language\Chinese (Mandarin) Complete Fluency Course - 2014\3\GMS-UPDATE,C:\Users\Admin\Documents\Language\Glossika\Chinese\Complete Fluency\Glossika Chinese Complete Fluency 3\Audio\GMS-UPDATE,move traditional Mandarin update audio
move,C:\Users\Admin\Documents\Language\Chinese (Mandarin) Complete Fluency Course - 2014\anki_build,C:\Users\Admin\Documents\Language\Glossika\Chinese\Complete Fluency\_derived\anki_build,move Anki build artifacts
move,"C:\Users\Admin\Documents\Language\Chinese Mandarine Complete Fluency Course. Business 1 - 2014\Campbell M., Chen Sh. - Chinese Mandarine Complete Fluency Course. Business 1 - 2014.pdf",C:\Users\Admin\Documents\Language\Glossika\Chinese\Business\Glossika Chinese Business 1\Glossika Chinese Business 1.pdf,rename Chinese Business 1 PDF
move,C:\Users\Admin\Documents\Language\Chinese Mandarine Complete Fluency Course. Business 1 - 2014\Audio,C:\Users\Admin\Documents\Language\Glossika\Chinese\Business\Glossika Chinese Business 1\Audio,move Chinese Business 1 audio
move,C:\Users\Admin\Documents\Language\Chinese Mandarine Complete Fluency Course. Daily Life - 2014\Books\GLOSSIKA-DAILY-ENZH-INTRO.unlocked.pdf,C:\Users\Admin\Documents\Language\Glossika\Chinese\Daily Life\Glossika Chinese Daily Life Intro\Glossika Chinese Daily Life Intro.pdf,rename Daily Life intro PDF
move,C:\Users\Admin\Documents\Language\Chinese Mandarine Complete Fluency Course. Daily Life - 2014\Books\GLOSSIKA-DAILY-ENZH-01.unlocked.pdf,C:\Users\Admin\Documents\Language\Glossika\Chinese\Daily Life\Glossika Chinese Daily Life 01\Glossika Chinese Daily Life 01.pdf,rename Daily Life lesson PDF
move,C:\Users\Admin\Documents\Language\Chinese Mandarine Complete Fluency Course. Daily Life - 2014\GMS\GLOSSIKA-DAILY-ENZH-01A.mp3,C:\Users\Admin\Documents\Language\Glossika\Chinese\Daily Life\Glossika Chinese Daily Life 01\Audio\GLOSSIKA-DAILY-ENZH-01A.mp3,move Daily Life lesson audio
move,C:\Users\Admin\Documents\Language\Chinese Mandarine Complete Fluency Course. Daily Life - 2014\GMS\GLOSSIKA-DAILY-ENZH-01B.mp3,C:\Users\Admin\Documents\Language\Glossika\Chinese\Daily Life\Glossika Chinese Daily Life 01\Audio\GLOSSIKA-DAILY-ENZH-01B.mp3,move Daily Life lesson audio
move,C:\Users\Admin\Documents\Language\Chinese Mandarine Complete Fluency Course. Daily Life - 2014\GMS\GLOSSIKA-DAILY-ENZH-01C.mp3,C:\Users\Admin\Documents\Language\Glossika\Chinese\Daily Life\Glossika Chinese Daily Life 01\Audio\GLOSSIKA-DAILY-ENZH-01C.mp3,move Daily Life lesson audio
move,C:\Users\Admin\Documents\Language\Chinese Mandarine Complete Fluency Course. Daily Life - 2014\Books\GLOSSIKA-DAILY-ENZH-02.unlocked.pdf,C:\Users\Admin\Documents\Language\Glossika\Chinese\Daily Life\Glossika Chinese Daily Life 02\Glossika Chinese Daily Life 02.pdf,rename Daily Life lesson PDF
move,C:\Users\Admin\Documents\Language\Chinese Mandarine Complete Fluency Course. Daily Life - 2014\GMS\GLOSSIKA-DAILY-ENZH-02A.mp3,C:\Users\Admin\Documents\Language\Glossika\Chinese\Daily Life\Glossika Chinese Daily Life 02\Audio\GLOSSIKA-DAILY-ENZH-02A.mp3,move Daily Life lesson audio
move,C:\Users\Admin\Documents\Language\Chinese Mandarine Complete Fluency Course. Daily Life - 2014\GMS\GLOSSIKA-DAILY-ENZH-02B.mp3,C:\Users\Admin\Documents\Language\Glossika\Chinese\Daily Life\Glossika Chinese Daily Life 02\Audio\GLOSSIKA-DAILY-ENZH-02B.mp3,move Daily Life lesson audio
move,C:\Users\Admin\Documents\Language\Chinese Mandarine Complete Fluency Course. Daily Life - 2014\GMS\GLOSSIKA-DAILY-ENZH-02C.mp3,C:\Users\Admin\Documents\Language\Glossika\Chinese\Daily Life\Glossika Chinese Daily Life 02\Audio\GLOSSIKA-DAILY-ENZH-02C.mp3,move Daily Life lesson audio
move,C:\Users\Admin\Documents\Language\Chinese Mandarine Complete Fluency Course. Daily Life - 2014\Books\GLOSSIKA-DAILY-ENZH-03.unlocked.pdf,C:\Users\Admin\Documents\Language\Glossika\Chinese\Daily Life\Glossika Chinese Daily Life 03\Glossika Chinese Daily Life 03.pdf,rename Daily Life lesson PDF
move,C:\Users\Admin\Documents\Language\Chinese Mandarine Complete Fluency Course. Daily Life - 2014\GMS\GLOSSIKA-DAILY-ENZH-03A.mp3,C:\Users\Admin\Documents\Language\Glossika\Chinese\Daily Life\Glossika Chinese Daily Life 03\Audio\GLOSSIKA-DAILY-ENZH-03A.mp3,move Daily Life lesson audio
move,C:\Users\Admin\Documents\Language\Chinese Mandarine Complete Fluency Course. Daily Life - 2014\GMS\GLOSSIKA-DAILY-ENZH-03B.mp3,C:\Users\Admin\Documents\Language\Glossika\Chinese\Daily Life\Glossika Chinese Daily Life 03\Audio\GLOSSIKA-DAILY-ENZH-03B.mp3,move Daily Life lesson audio
move,C:\Users\Admin\Documents\Language\Chinese Mandarine Complete Fluency Course. Daily Life - 2014\GMS\GLOSSIKA-DAILY-ENZH-03C.mp3,C:\Users\Admin\Documents\Language\Glossika\Chinese\Daily Life\Glossika Chinese Daily Life 03\Audio\GLOSSIKA-DAILY-ENZH-03C.mp3,move Daily Life lesson audio
move,C:\Users\Admin\Documents\Language\Chinese Mandarine Complete Fluency Course. Daily Life - 2014\Books\GLOSSIKA-DAILY-ENZH-04.unlocked.pdf,C:\Users\Admin\Documents\Language\Glossika\Chinese\Daily Life\Glossika Chinese Daily Life 04\Glossika Chinese Daily Life 04.pdf,rename Daily Life lesson PDF
move,C:\Users\Admin\Documents\Language\Chinese Mandarine Complete Fluency Course. Daily Life - 2014\GMS\GLOSSIKA-DAILY-ENZH-04A.mp3,C:\Users\Admin\Documents\Language\Glossika\Chinese\Daily Life\Glossika Chinese Daily Life 04\Audio\GLOSSIKA-DAILY-ENZH-04A.mp3,move Daily Life lesson audio
move,C:\Users\Admin\Documents\Language\Chinese Mandarine Complete Fluency Course. Daily Life - 2014\GMS\GLOSSIKA-DAILY-ENZH-04B.mp3,C:\Users\Admin\Documents\Language\Glossika\Chinese\Daily Life\Glossika Chinese Daily Life 04\Audio\GLOSSIKA-DAILY-ENZH-04B.mp3,move Daily Life lesson audio
move,C:\Users\Admin\Documents\Language\Chinese Mandarine Complete Fluency Course. Daily Life - 2014\GMS\GLOSSIKA-DAILY-ENZH-04C.mp3,C:\Users\Admin\Documents\Language\Glossika\Chinese\Daily Life\Glossika Chinese Daily Life 04\Audio\GLOSSIKA-DAILY-ENZH-04C.mp3,move Daily Life lesson audio
move,C:\Users\Admin\Documents\Language\Chinese Mandarine Complete Fluency Course. Daily Life - 2014\Books\GLOSSIKA-DAILY-ENZH-05.unlocked.pdf,C:\Users\Admin\Documents\Language\Glossika\Chinese\Daily Life\Glossika Chinese Daily Life 05\Glossika Chinese Daily Life 05.pdf,rename Daily Life lesson PDF
move,C:\Users\Admin\Documents\Language\Chinese Mandarine Complete Fluency Course. Daily Life - 2014\GMS\GLOSSIKA-DAILY-ENZH-05A.mp3,C:\Users\Admin\Documents\Language\Glossika\Chinese\Daily Life\Glossika Chinese Daily Life 05\Audio\GLOSSIKA-DAILY-ENZH-05A.mp3,move Daily Life lesson audio
move,C:\Users\Admin\Documents\Language\Chinese Mandarine Complete Fluency Course. Daily Life - 2014\GMS\GLOSSIKA-DAILY-ENZH-05B.mp3,C:\Users\Admin\Documents\Language\Glossika\Chinese\Daily Life\Glossika Chinese Daily Life 05\Audio\GLOSSIKA-DAILY-ENZH-05B.mp3,move Daily Life lesson audio
move,C:\Users\Admin\Documents\Language\Chinese Mandarine Complete Fluency Course. Daily Life - 2014\GMS\GLOSSIKA-DAILY-ENZH-05C.mp3,C:\Users\Admin\Documents\Language\Glossika\Chinese\Daily Life\Glossika Chinese Daily Life 05\Audio\GLOSSIKA-DAILY-ENZH-05C.mp3,move Daily Life lesson audio
move,C:\Users\Admin\Documents\Language\Chinese Mandarine Complete Fluency Course. Daily Life - 2014\Books\GLOSSIKA-DAILY-ENZH-06.unlocked.pdf,C:\Users\Admin\Documents\Language\Glossika\Chinese\Daily Life\Glossika Chinese Daily Life 06\Glossika Chinese Daily Life 06.pdf,rename Daily Life lesson PDF
move,C:\Users\Admin\Documents\Language\Chinese Mandarine Complete Fluency Course. Daily Life - 2014\GMS\GLOSSIKA-DAILY-ENZH-06A.mp3,C:\Users\Admin\Documents\Language\Glossika\Chinese\Daily Life\Glossika Chinese Daily Life 06\Audio\GLOSSIKA-DAILY-ENZH-06A.mp3,move Daily Life lesson audio
move,C:\Users\Admin\Documents\Language\Chinese Mandarine Complete Fluency Course. Daily Life - 2014\GMS\GLOSSIKA-DAILY-ENZH-06B.mp3,C:\Users\Admin\Documents\Language\Glossika\Chinese\Daily Life\Glossika Chinese Daily Life 06\Audio\GLOSSIKA-DAILY-ENZH-06B.mp3,move Daily Life lesson audio
move,C:\Users\Admin\Documents\Language\Chinese Mandarine Complete Fluency Course. Daily Life - 2014\GMS\GLOSSIKA-DAILY-ENZH-06C.mp3,C:\Users\Admin\Documents\Language\Glossika\Chinese\Daily Life\Glossika Chinese Daily Life 06\Audio\GLOSSIKA-DAILY-ENZH-06C.mp3,move Daily Life lesson audio
move,C:\Users\Admin\Documents\Language\Chinese Mandarine Complete Fluency Course. Daily Life - 2014\Books\GLOSSIKA-DAILY-ENZH-07.unlocked.pdf,C:\Users\Admin\Documents\Language\Glossika\Chinese\Daily Life\Glossika Chinese Daily Life 07\Glossika Chinese Daily Life 07.pdf,rename Daily Life lesson PDF
move,C:\Users\Admin\Documents\Language\Chinese Mandarine Complete Fluency Course. Daily Life - 2014\GMS\GLOSSIKA-DAILY-ENZH-07A.mp3,C:\Users\Admin\Documents\Language\Glossika\Chinese\Daily Life\Glossika Chinese Daily Life 07\Audio\GLOSSIKA-DAILY-ENZH-07A.mp3,move Daily Life lesson audio
move,C:\Users\Admin\Documents\Language\Chinese Mandarine Complete Fluency Course. Daily Life - 2014\GMS\GLOSSIKA-DAILY-ENZH-07B.mp3,C:\Users\Admin\Documents\Language\Glossika\Chinese\Daily Life\Glossika Chinese Daily Life 07\Audio\GLOSSIKA-DAILY-ENZH-07B.mp3,move Daily Life lesson audio
move,C:\Users\Admin\Documents\Language\Chinese Mandarine Complete Fluency Course. Daily Life - 2014\GMS\GLOSSIKA-DAILY-ENZH-07C.mp3,C:\Users\Admin\Documents\Language\Glossika\Chinese\Daily Life\Glossika Chinese Daily Life 07\Audio\GLOSSIKA-DAILY-ENZH-07C.mp3,move Daily Life lesson audio
move,C:\Users\Admin\Documents\Language\Chinese Mandarine Complete Fluency Course. Daily Life - 2014\Books\GLOSSIKA-DAILY-ENZH-08.unlocked.pdf,C:\Users\Admin\Documents\Language\Glossika\Chinese\Daily Life\Glossika Chinese Daily Life 08\Glossika Chinese Daily Life 08.pdf,rename Daily Life lesson PDF
move,C:\Users\Admin\Documents\Language\Chinese Mandarine Complete Fluency Course. Daily Life - 2014\GMS\GLOSSIKA-DAILY-ENZH-08A.mp3,C:\Users\Admin\Documents\Language\Glossika\Chinese\Daily Life\Glossika Chinese Daily Life 08\Audio\GLOSSIKA-DAILY-ENZH-08A.mp3,move Daily Life lesson audio
move,C:\Users\Admin\Documents\Language\Chinese Mandarine Complete Fluency Course. Daily Life - 2014\GMS\GLOSSIKA-DAILY-ENZH-08B.mp3,C:\Users\Admin\Documents\Language\Glossika\Chinese\Daily Life\Glossika Chinese Daily Life 08\Audio\GLOSSIKA-DAILY-ENZH-08B.mp3,move Daily Life lesson audio
move,C:\Users\Admin\Documents\Language\Chinese Mandarine Complete Fluency Course. Daily Life - 2014\GMS\GLOSSIKA-DAILY-ENZH-08C.mp3,C:\Users\Admin\Documents\Language\Glossika\Chinese\Daily Life\Glossika Chinese Daily Life 08\Audio\GLOSSIKA-DAILY-ENZH-08C.mp3,move Daily Life lesson audio
move,C:\Users\Admin\Documents\Language\Chinese Mandarine Complete Fluency Course. Daily Life - 2014\Books\GLOSSIKA-DAILY-ENZH-09.unlocked.pdf,C:\Users\Admin\Documents\Language\Glossika\Chinese\Daily Life\Glossika Chinese Daily Life 09\Glossika Chinese Daily Life 09.pdf,rename Daily Life lesson PDF
move,C:\Users\Admin\Documents\Language\Chinese Mandarine Complete Fluency Course. Daily Life - 2014\GMS\GLOSSIKA-DAILY-ENZH-09A.mp3,C:\Users\Admin\Documents\Language\Glossika\Chinese\Daily Life\Glossika Chinese Daily Life 09\Audio\GLOSSIKA-DAILY-ENZH-09A.mp3,move Daily Life lesson audio
move,C:\Users\Admin\Documents\Language\Chinese Mandarine Complete Fluency Course. Daily Life - 2014\GMS\GLOSSIKA-DAILY-ENZH-09B.mp3,C:\Users\Admin\Documents\Language\Glossika\Chinese\Daily Life\Glossika Chinese Daily Life 09\Audio\GLOSSIKA-DAILY-ENZH-09B.mp3,move Daily Life lesson audio
move,C:\Users\Admin\Documents\Language\Chinese Mandarine Complete Fluency Course. Daily Life - 2014\GMS\GLOSSIKA-DAILY-ENZH-09C.mp3,C:\Users\Admin\Documents\Language\Glossika\Chinese\Daily Life\Glossika Chinese Daily Life 09\Audio\GLOSSIKA-DAILY-ENZH-09C.mp3,move Daily Life lesson audio
move,C:\Users\Admin\Documents\Language\Chinese Mandarine Complete Fluency Course. Daily Life - 2014\Books\GLOSSIKA-DAILY-ENZH-10.unlocked.pdf,C:\Users\Admin\Documents\Language\Glossika\Chinese\Daily Life\Glossika Chinese Daily Life 10\Glossika Chinese Daily Life 10.pdf,rename Daily Life lesson PDF
move,C:\Users\Admin\Documents\Language\Chinese Mandarine Complete Fluency Course. Daily Life - 2014\GMS\GLOSSIKA-DAILY-ENZH-10A.mp3,C:\Users\Admin\Documents\Language\Glossika\Chinese\Daily Life\Glossika Chinese Daily Life 10\Audio\GLOSSIKA-DAILY-ENZH-10A.mp3,move Daily Life lesson audio
move,C:\Users\Admin\Documents\Language\Chinese Mandarine Complete Fluency Course. Daily Life - 2014\GMS\GLOSSIKA-DAILY-ENZH-10B.mp3,C:\Users\Admin\Documents\Language\Glossika\Chinese\Daily Life\Glossika Chinese Daily Life 10\Audio\GLOSSIKA-DAILY-ENZH-10B.mp3,move Daily Life lesson audio
move,C:\Users\Admin\Documents\Language\Chinese Mandarine Complete Fluency Course. Daily Life - 2014\GMS\GLOSSIKA-DAILY-ENZH-10C.mp3,C:\Users\Admin\Documents\Language\Glossika\Chinese\Daily Life\Glossika Chinese Daily Life 10\Audio\GLOSSIKA-DAILY-ENZH-10C.mp3,move Daily Life lesson audio
move,C:\Users\Admin\Documents\Language\Chinese Mandarine Complete Fluency Course. Daily Life - 2014\Books\GLOSSIKA-DAILY-ENZH-11.unlocked.pdf,C:\Users\Admin\Documents\Language\Glossika\Chinese\Daily Life\Glossika Chinese Daily Life 11\Glossika Chinese Daily Life 11.pdf,rename Daily Life lesson PDF
move,C:\Users\Admin\Documents\Language\Chinese Mandarine Complete Fluency Course. Daily Life - 2014\GMS\GLOSSIKA-DAILY-ENZH-11A.mp3,C:\Users\Admin\Documents\Language\Glossika\Chinese\Daily Life\Glossika Chinese Daily Life 11\Audio\GLOSSIKA-DAILY-ENZH-11A.mp3,move Daily Life lesson audio
move,C:\Users\Admin\Documents\Language\Chinese Mandarine Complete Fluency Course. Daily Life - 2014\GMS\GLOSSIKA-DAILY-ENZH-11B.mp3,C:\Users\Admin\Documents\Language\Glossika\Chinese\Daily Life\Glossika Chinese Daily Life 11\Audio\GLOSSIKA-DAILY-ENZH-11B.mp3,move Daily Life lesson audio
move,C:\Users\Admin\Documents\Language\Chinese Mandarine Complete Fluency Course. Daily Life - 2014\GMS\GLOSSIKA-DAILY-ENZH-11C.mp3,C:\Users\Admin\Documents\Language\Glossika\Chinese\Daily Life\Glossika Chinese Daily Life 11\Audio\GLOSSIKA-DAILY-ENZH-11C.mp3,move Daily Life lesson audio
move,C:\Users\Admin\Documents\Language\Chinese Mandarine Complete Fluency Course. Daily Life - 2014\Books\GLOSSIKA-DAILY-ENZH-12.unlocked.pdf,C:\Users\Admin\Documents\Language\Glossika\Chinese\Daily Life\Glossika Chinese Daily Life 12\Glossika Chinese Daily Life 12.pdf,rename Daily Life lesson PDF
move,C:\Users\Admin\Documents\Language\Chinese Mandarine Complete Fluency Course. Daily Life - 2014\GMS\GLOSSIKA-DAILY-ENZH-12A.mp3,C:\Users\Admin\Documents\Language\Glossika\Chinese\Daily Life\Glossika Chinese Daily Life 12\Audio\GLOSSIKA-DAILY-ENZH-12A.mp3,move Daily Life lesson audio
move,C:\Users\Admin\Documents\Language\Chinese Mandarine Complete Fluency Course. Daily Life - 2014\GMS\GLOSSIKA-DAILY-ENZH-12B.mp3,C:\Users\Admin\Documents\Language\Glossika\Chinese\Daily Life\Glossika Chinese Daily Life 12\Audio\GLOSSIKA-DAILY-ENZH-12B.mp3,move Daily Life lesson audio
move,C:\Users\Admin\Documents\Language\Chinese Mandarine Complete Fluency Course. Daily Life - 2014\GMS\GLOSSIKA-DAILY-ENZH-12C.mp3,C:\Users\Admin\Documents\Language\Glossika\Chinese\Daily Life\Glossika Chinese Daily Life 12\Audio\GLOSSIKA-DAILY-ENZH-12C.mp3,move Daily Life lesson audio
move,C:\Users\Admin\Documents\Language\Chinese Mandarine Complete Fluency Course. Daily Life - 2014\Books\GLOSSIKA-DAILY-ENZH-13.unlocked.pdf,C:\Users\Admin\Documents\Language\Glossika\Chinese\Daily Life\Glossika Chinese Daily Life 13\Glossika Chinese Daily Life 13.pdf,rename Daily Life lesson PDF
move,C:\Users\Admin\Documents\Language\Chinese Mandarine Complete Fluency Course. Daily Life - 2014\GMS\GLOSSIKA-DAILY-ENZH-13A.mp3,C:\Users\Admin\Documents\Language\Glossika\Chinese\Daily Life\Glossika Chinese Daily Life 13\Audio\GLOSSIKA-DAILY-ENZH-13A.mp3,move Daily Life lesson audio
move,C:\Users\Admin\Documents\Language\Chinese Mandarine Complete Fluency Course. Daily Life - 2014\GMS\GLOSSIKA-DAILY-ENZH-13B.mp3,C:\Users\Admin\Documents\Language\Glossika\Chinese\Daily Life\Glossika Chinese Daily Life 13\Audio\GLOSSIKA-DAILY-ENZH-13B.mp3,move Daily Life lesson audio
move,C:\Users\Admin\Documents\Language\Chinese Mandarine Complete Fluency Course. Daily Life - 2014\GMS\GLOSSIKA-DAILY-ENZH-13C.mp3,C:\Users\Admin\Documents\Language\Glossika\Chinese\Daily Life\Glossika Chinese Daily Life 13\Audio\GLOSSIKA-DAILY-ENZH-13C.mp3,move Daily Life lesson audio
move,C:\Users\Admin\Documents\Language\Chinese Mandarine Complete Fluency Course. Daily Life - 2014\Books\GLOSSIKA-DAILY-ENZH-14.unlocked.pdf,C:\Users\Admin\Documents\Language\Glossika\Chinese\Daily Life\Glossika Chinese Daily Life 14\Glossika Chinese Daily Life 14.pdf,rename Daily Life lesson PDF
move,C:\Users\Admin\Documents\Language\Chinese Mandarine Complete Fluency Course. Daily Life - 2014\GMS\GLOSSIKA-DAILY-ENZH-14A.mp3,C:\Users\Admin\Documents\Language\Glossika\Chinese\Daily Life\Glossika Chinese Daily Life 14\Audio\GLOSSIKA-DAILY-ENZH-14A.mp3,move Daily Life lesson audio
move,C:\Users\Admin\Documents\Language\Chinese Mandarine Complete Fluency Course. Daily Life - 2014\GMS\GLOSSIKA-DAILY-ENZH-14B.mp3,C:\Users\Admin\Documents\Language\Glossika\Chinese\Daily Life\Glossika Chinese Daily Life 14\Audio\GLOSSIKA-DAILY-ENZH-14B.mp3,move Daily Life lesson audio
move,C:\Users\Admin\Documents\Language\Chinese Mandarine Complete Fluency Course. Daily Life - 2014\GMS\GLOSSIKA-DAILY-ENZH-14C.mp3,C:\Users\Admin\Documents\Language\Glossika\Chinese\Daily Life\Glossika Chinese Daily Life 14\Audio\GLOSSIKA-DAILY-ENZH-14C.mp3,move Daily Life lesson audio
move,C:\Users\Admin\Documents\Language\Chinese Mandarine Complete Fluency Course. Daily Life - 2014\Books\GLOSSIKA-DAILY-ENZH-15.unlocked.pdf,C:\Users\Admin\Documents\Language\Glossika\Chinese\Daily Life\Glossika Chinese Daily Life 15\Glossika Chinese Daily Life 15.pdf,rename Daily Life lesson PDF
move,C:\Users\Admin\Documents\Language\Chinese Mandarine Complete Fluency Course. Daily Life - 2014\GMS\GLOSSIKA-DAILY-ENZH-15A.mp3,C:\Users\Admin\Documents\Language\Glossika\Chinese\Daily Life\Glossika Chinese Daily Life 15\Audio\GLOSSIKA-DAILY-ENZH-15A.mp3,move Daily Life lesson audio
move,C:\Users\Admin\Documents\Language\Chinese Mandarine Complete Fluency Course. Daily Life - 2014\GMS\GLOSSIKA-DAILY-ENZH-15B.mp3,C:\Users\Admin\Documents\Language\Glossika\Chinese\Daily Life\Glossika Chinese Daily Life 15\Audio\GLOSSIKA-DAILY-ENZH-15B.mp3,move Daily Life lesson audio
move,C:\Users\Admin\Documents\Language\Chinese Mandarine Complete Fluency Course. Daily Life - 2014\GMS\GLOSSIKA-DAILY-ENZH-15C.mp3,C:\Users\Admin\Documents\Language\Glossika\Chinese\Daily Life\Glossika Chinese Daily Life 15\Audio\GLOSSIKA-DAILY-ENZH-15C.mp3,move Daily Life lesson audio
move,C:\Users\Admin\Documents\Language\Chinese Mandarine Complete Fluency Course. Daily Life - 2014\Books\GLOSSIKA-DAILY-ENZH-16.unlocked.pdf,C:\Users\Admin\Documents\Language\Glossika\Chinese\Daily Life\Glossika Chinese Daily Life 16\Glossika Chinese Daily Life 16.pdf,rename Daily Life lesson PDF
move,C:\Users\Admin\Documents\Language\Chinese Mandarine Complete Fluency Course. Daily Life - 2014\GMS\GLOSSIKA-DAILY-ENZH-16A.mp3,C:\Users\Admin\Documents\Language\Glossika\Chinese\Daily Life\Glossika Chinese Daily Life 16\Audio\GLOSSIKA-DAILY-ENZH-16A.mp3,move Daily Life lesson audio
move,C:\Users\Admin\Documents\Language\Chinese Mandarine Complete Fluency Course. Daily Life - 2014\GMS\GLOSSIKA-DAILY-ENZH-16B.mp3,C:\Users\Admin\Documents\Language\Glossika\Chinese\Daily Life\Glossika Chinese Daily Life 16\Audio\GLOSSIKA-DAILY-ENZH-16B.mp3,move Daily Life lesson audio
move,C:\Users\Admin\Documents\Language\Chinese Mandarine Complete Fluency Course. Daily Life - 2014\GMS\GLOSSIKA-DAILY-ENZH-16C.mp3,C:\Users\Admin\Documents\Language\Glossika\Chinese\Daily Life\Glossika Chinese Daily Life 16\Audio\GLOSSIKA-DAILY-ENZH-16C.mp3,move Daily Life lesson audio
move,C:\Users\Admin\Documents\Language\Chinese Mandarine Complete Fluency Course. Daily Life - 2014\Books\GLOSSIKA-DAILY-ENZH-17.unlocked.pdf,C:\Users\Admin\Documents\Language\Glossika\Chinese\Daily Life\Glossika Chinese Daily Life 17\Glossika Chinese Daily Life 17.pdf,rename Daily Life lesson PDF
move,C:\Users\Admin\Documents\Language\Chinese Mandarine Complete Fluency Course. Daily Life - 2014\GMS\GLOSSIKA-DAILY-ENZH-17A.mp3,C:\Users\Admin\Documents\Language\Glossika\Chinese\Daily Life\Glossika Chinese Daily Life 17\Audio\GLOSSIKA-DAILY-ENZH-17A.mp3,move Daily Life lesson audio
move,C:\Users\Admin\Documents\Language\Chinese Mandarine Complete Fluency Course. Daily Life - 2014\GMS\GLOSSIKA-DAILY-ENZH-17B.mp3,C:\Users\Admin\Documents\Language\Glossika\Chinese\Daily Life\Glossika Chinese Daily Life 17\Audio\GLOSSIKA-DAILY-ENZH-17B.mp3,move Daily Life lesson audio
move,C:\Users\Admin\Documents\Language\Chinese Mandarine Complete Fluency Course. Daily Life - 2014\GMS\GLOSSIKA-DAILY-ENZH-17C.mp3,C:\Users\Admin\Documents\Language\Glossika\Chinese\Daily Life\Glossika Chinese Daily Life 17\Audio\GLOSSIKA-DAILY-ENZH-17C.mp3,move Daily Life lesson audio
move,C:\Users\Admin\Documents\Language\Chinese Mandarine Complete Fluency Course. Daily Life - 2014\Books\GLOSSIKA-DAILY-ENZH-18.unlocked.pdf,C:\Users\Admin\Documents\Language\Glossika\Chinese\Daily Life\Glossika Chinese Daily Life 18\Glossika Chinese Daily Life 18.pdf,rename Daily Life lesson PDF
move,C:\Users\Admin\Documents\Language\Chinese Mandarine Complete Fluency Course. Daily Life - 2014\GMS\GLOSSIKA-DAILY-ENZH-18A.mp3,C:\Users\Admin\Documents\Language\Glossika\Chinese\Daily Life\Glossika Chinese Daily Life 18\Audio\GLOSSIKA-DAILY-ENZH-18A.mp3,move Daily Life lesson audio
move,C:\Users\Admin\Documents\Language\Chinese Mandarine Complete Fluency Course. Daily Life - 2014\GMS\GLOSSIKA-DAILY-ENZH-18B.mp3,C:\Users\Admin\Documents\Language\Glossika\Chinese\Daily Life\Glossika Chinese Daily Life 18\Audio\GLOSSIKA-DAILY-ENZH-18B.mp3,move Daily Life lesson audio
move,C:\Users\Admin\Documents\Language\Chinese Mandarine Complete Fluency Course. Daily Life - 2014\GMS\GLOSSIKA-DAILY-ENZH-18C.mp3,C:\Users\Admin\Documents\Language\Glossika\Chinese\Daily Life\Glossika Chinese Daily Life 18\Audio\GLOSSIKA-DAILY-ENZH-18C.mp3,move Daily Life lesson audio
move,C:\Users\Admin\Documents\Language\Chinese Mandarine Complete Fluency Course. Daily Life - 2014\Books\GLOSSIKA-DAILY-ENZH-19.unlocked.pdf,C:\Users\Admin\Documents\Language\Glossika\Chinese\Daily Life\Glossika Chinese Daily Life 19\Glossika Chinese Daily Life 19.pdf,rename Daily Life lesson PDF
move,C:\Users\Admin\Documents\Language\Chinese Mandarine Complete Fluency Course. Daily Life - 2014\GMS\GLOSSIKA-DAILY-ENZH-19A.mp3,C:\Users\Admin\Documents\Language\Glossika\Chinese\Daily Life\Glossika Chinese Daily Life 19\Audio\GLOSSIKA-DAILY-ENZH-19A.mp3,move Daily Life lesson audio
move,C:\Users\Admin\Documents\Language\Chinese Mandarine Complete Fluency Course. Daily Life - 2014\GMS\GLOSSIKA-DAILY-ENZH-19B.mp3,C:\Users\Admin\Documents\Language\Glossika\Chinese\Daily Life\Glossika Chinese Daily Life 19\Audio\GLOSSIKA-DAILY-ENZH-19B.mp3,move Daily Life lesson audio
move,C:\Users\Admin\Documents\Language\Chinese Mandarine Complete Fluency Course. Daily Life - 2014\GMS\GLOSSIKA-DAILY-ENZH-19C.mp3,C:\Users\Admin\Documents\Language\Glossika\Chinese\Daily Life\Glossika Chinese Daily Life 19\Audio\GLOSSIKA-DAILY-ENZH-19C.mp3,move Daily Life lesson audio
move,C:\Users\Admin\Documents\Language\Chinese Mandarine Complete Fluency Course. Daily Life - 2014\Books\GLOSSIKA-DAILY-ENZH-20.unlocked.pdf,C:\Users\Admin\Documents\Language\Glossika\Chinese\Daily Life\Glossika Chinese Daily Life 20\Glossika Chinese Daily Life 20.pdf,rename Daily Life lesson PDF
move,C:\Users\Admin\Documents\Language\Chinese Mandarine Complete Fluency Course. Daily Life - 2014\GMS\GLOSSIKA-DAILY-ENZH-20A.mp3,C:\Users\Admin\Documents\Language\Glossika\Chinese\Daily Life\Glossika Chinese Daily Life 20\Audio\GLOSSIKA-DAILY-ENZH-20A.mp3,move Daily Life lesson audio
move,C:\Users\Admin\Documents\Language\Chinese Mandarine Complete Fluency Course. Daily Life - 2014\GMS\GLOSSIKA-DAILY-ENZH-20B.mp3,C:\Users\Admin\Documents\Language\Glossika\Chinese\Daily Life\Glossika Chinese Daily Life 20\Audio\GLOSSIKA-DAILY-ENZH-20B.mp3,move Daily Life lesson audio
move,C:\Users\Admin\Documents\Language\Chinese Mandarine Complete Fluency Course. Daily Life - 2014\GMS\GLOSSIKA-DAILY-ENZH-20C.mp3,C:\Users\Admin\Documents\Language\Glossika\Chinese\Daily Life\Glossika Chinese Daily Life 20\Audio\GLOSSIKA-DAILY-ENZH-20C.mp3,move Daily Life lesson audio
move,"C:\Users\Admin\Documents\Language\Campbell M., Shirakawa - Japanese Complete Fluency Course - 2015\1\Campbell M., Shirakawa - Japanese Complete Fluency Course 1 - 2015.pdf",C:\Users\Admin\Documents\Language\Glossika\Japanese\Complete Fluency\Glossika Japanese Complete Fluency 1\Glossika Japanese Complete Fluency 1.pdf,rename Japanese Complete Fluency PDF
move,"C:\Users\Admin\Documents\Language\Campbell M., Shirakawa - Japanese Complete Fluency Course - 2015\1\Audio 1",C:\Users\Admin\Documents\Language\Glossika\Japanese\Complete Fluency\Glossika Japanese Complete Fluency 1\Audio\Audio 1,move Japanese Audio 1
move,"C:\Users\Admin\Documents\Language\Campbell M., Shirakawa - Japanese Complete Fluency Course - 2015\1\Audio 2",C:\Users\Admin\Documents\Language\Glossika\Japanese\Complete Fluency\Glossika Japanese Complete Fluency 1\Audio\Audio 2,move Japanese Audio 2
move,"C:\Users\Admin\Documents\Language\Campbell M., Shirakawa - Japanese Complete Fluency Course - 2015\2\Campbell M., Shirakawa - Japanese Complete Fluency Course 2 - 2015.pdf",C:\Users\Admin\Documents\Language\Glossika\Japanese\Complete Fluency\Glossika Japanese Complete Fluency 2\Glossika Japanese Complete Fluency 2.pdf,rename Japanese Complete Fluency PDF
move,"C:\Users\Admin\Documents\Language\Campbell M., Shirakawa - Japanese Complete Fluency Course - 2015\2\Audio 1",C:\Users\Admin\Documents\Language\Glossika\Japanese\Complete Fluency\Glossika Japanese Complete Fluency 2\Audio\Audio 1,move Japanese Audio 1
move,"C:\Users\Admin\Documents\Language\Campbell M., Shirakawa - Japanese Complete Fluency Course - 2015\2\Audio 2",C:\Users\Admin\Documents\Language\Glossika\Japanese\Complete Fluency\Glossika Japanese Complete Fluency 2\Audio\Audio 2,move Japanese Audio 2
move,"C:\Users\Admin\Documents\Language\Campbell M., Shirakawa - Japanese Complete Fluency Course - 2015\3\Campbell M., Shirakawa - Japanese Complete Fluency Course 3 - 2015.pdf",C:\Users\Admin\Documents\Language\Glossika\Japanese\Complete Fluency\Glossika Japanese Complete Fluency 3\Glossika Japanese Complete Fluency 3.pdf,rename Japanese Complete Fluency PDF
move,"C:\Users\Admin\Documents\Language\Campbell M., Shirakawa - Japanese Complete Fluency Course - 2015\3\Audio 1",C:\Users\Admin\Documents\Language\Glossika\Japanese\Complete Fluency\Glossika Japanese Complete Fluency 3\Audio\Audio 1,move Japanese Audio 1
move,"C:\Users\Admin\Documents\Language\Campbell M., Shirakawa - Japanese Complete Fluency Course - 2015\3\Audio 2",C:\Users\Admin\Documents\Language\Glossika\Japanese\Complete Fluency\Glossika Japanese Complete Fluency 3\Audio\Audio 2,move Japanese Audio 2
move,"C:\Users\Admin\Documents\Language\Campbell M., Dahye J. - Glossika Korean. Complete Fluency Course - 2016\1\Campbell M., Dahye J. - Glossika Korean. Complete Fluency Course 1 - 2016.pdf",C:\Users\Admin\Documents\Language\Glossika\Korean\Complete Fluency\Glossika Korean Complete Fluency 1\Glossika Korean Complete Fluency 1.pdf,rename Korean Complete Fluency PDF
move,"C:\Users\Admin\Documents\Language\Campbell M., Dahye J. - Glossika Korean. Complete Fluency Course - 2016\1\GMS",C:\Users\Admin\Documents\Language\Glossika\Korean\Complete Fluency\Glossika Korean Complete Fluency 1\Audio\GMS,move Korean GMS audio
move,"C:\Users\Admin\Documents\Language\Campbell M., Dahye J. - Glossika Korean. Complete Fluency Course - 2016\2\Campbell M., Dahye J. - Glossika Korean. Complete Fluency Course 2 - 2016.pdf",C:\Users\Admin\Documents\Language\Glossika\Korean\Complete Fluency\Glossika Korean Complete Fluency 2\Glossika Korean Complete Fluency 2.pdf,rename Korean Complete Fluency PDF
move,"C:\Users\Admin\Documents\Language\Campbell M., Dahye J. - Glossika Korean. Complete Fluency Course - 2016\2\GMS",C:\Users\Admin\Documents\Language\Glossika\Korean\Complete Fluency\Glossika Korean Complete Fluency 2\Audio\GMS,move Korean GMS audio
move,"C:\Users\Admin\Documents\Language\Campbell M., Dahye J. - Glossika Korean. Complete Fluency Course - 2016\3\Campbell M., Dahye J. - Glossika Korean. Complete Fluency Course 3 - 2016.pdf",C:\Users\Admin\Documents\Language\Glossika\Korean\Complete Fluency\Glossika Korean Complete Fluency 3\Glossika Korean Complete Fluency 3.pdf,rename Korean Complete Fluency PDF
move,"C:\Users\Admin\Documents\Language\Campbell M., Dahye J. - Glossika Korean. Complete Fluency Course - 2016\3\GMS",C:\Users\Admin\Documents\Language\Glossika\Korean\Complete Fluency\Glossika Korean Complete Fluency 3\Audio\GMS,move Korean GMS audio
move,C:\Users\Admin\Documents\Language\_converted_pdf_text,C:\Users\Admin\Documents\Language\Glossika\_derived\converted_pdf_text,move converted text artifacts
move,C:\Users\Admin\Documents\Language\output\pdf,C:\Users\Admin\Documents\Language\Glossika\_derived\pdf_exports,move PDF export artifacts
move,C:\Users\Admin\Documents\Language\_converted_pdf_text.zip,C:\Users\Admin\Documents\Language\Glossika\_archives\_converted_pdf_text.zip,move Glossika archive/download metadata
move,"C:\Users\Admin\Documents\Language\Campbell M., Chen Sh. Камбел М., Чен Ш. - Glossika. Chinese Mandarine Complete Fluency Course. Business 1 Деловой китайский яз [rutracker-4936394].torrent","C:\Users\Admin\Documents\Language\Glossika\_archives\Campbell M., Chen Sh. Камбел М., Чен Ш. - Glossika. Chinese Mandarine Complete Fluency Course. Business 1 Деловой китайский яз [rutracker-4936394].torrent",move Glossika archive/download metadata
move,"C:\Users\Admin\Documents\Language\Campbell M., Chen Sh. Камбел М., Чен Ш. - Glossika. Chinese Mandarine Complete Fluency Course. Daily Life Повседневный китайск [rutracker-4940396].torrent","C:\Users\Admin\Documents\Language\Glossika\_archives\Campbell M., Chen Sh. Камбел М., Чен Ш. - Glossika. Chinese Mandarine Complete Fluency Course. Daily Life Повседневный китайск [rutracker-4940396].torrent",move Glossika archive/download metadata
move,"C:\Users\Admin\Documents\Language\Campbell M., Chen Sh., Yan S.Y. Кемпбел М., Чен Ш., Ян С.Ю. - Glossika. Chinese (Mandarin) Complete Fluency Course 1-3 Китайск [rutracker-4995988].torrent","C:\Users\Admin\Documents\Language\Glossika\_archives\Campbell M., Chen Sh., Yan S.Y. Кемпбел М., Чен Ш., Ян С.Ю. - Glossika. Chinese (Mandarin) Complete Fluency Course 1-3 Китайск [rutracker-4995988].torrent",move Glossika archive/download metadata
move,"C:\Users\Admin\Documents\Language\Campbell M., Shirakawa - Japanese Complete Fluency Course - 2015.zip","C:\Users\Admin\Documents\Language\Glossika\_archives\Campbell M., Shirakawa - Japanese Complete Fluency Course - 2015.zip",move Glossika archive/download metadata
move,C:\Users\Admin\Documents\Language\Glossika Mandarin Chinese.rar,C:\Users\Admin\Documents\Language\Glossika\_archives\Glossika Mandarin Chinese.rar,move Glossika archive/download metadata
